{"_wandb":{"runtime":213},"throughput/achieved_tflops":22.941009897843745,"train/grad_norm_before_clip":1.3643958568572998,"_timestamp":1.7826938691787894e+09,"epoch":1,"train/learning_rate":0.0002999999998989849,"_runtime":213.903206471,"train/tokens_seen":2293760,"_step":1120,"train/loss":6.366294860839844,"throughput/tokens_per_second":10820.010749996876,"train/perplexity":581.8978174003173}